Time, ECG, PPG
1.0,20451.0,60040.0
1.01,20451.0,60040.0
1.01,20451.0,60040.0
1.02,20341.0,60185.0
1.02,20341.0,60185.0
1.03,20341.0,60185.0
1.03,20341.0,60185.0
1.04,20248.0,60373.0
1.04,20248.0,60373.0
1.05,20248.0,60373.0
1.05,20248.0,60373.0
1.06,20018.0,60560.0
1.06,20018.0,60560.0
1.07,20018.0,60560.0
1.07,20018.0,60560.0
1.08,19870.0,60729.0
1.08,19870.0,60729.0
1.09,19870.0,60729.0
1.09,19870.0,60729.0
1.1,19947.0,60837.0
1.1,19947.0,60837.0
1.11,19947.0,60837.0
1.11,19947.0,60837.0
1.12,19863.0,60886.0
1.12,19863.0,60886.0
1.13,19863.0,60886.0
1.13,19863.0,60886.0
1.14,19825.0,60855.0
1.14,19825.0,60855.0
1.15,19825.0,60855.0
1.15,19825.0,60855.0
1.16,19783.0,60753.0
1.16,19783.0,60753.0
1.17,19783.0,60753.0
1.17,19783.0,60753.0
1.18,19497.0,60636.0
1.18,19497.0,60636.0
1.19,19497.0,60636.0
1.19,19497.0,60636.0
1.2,19447.0,60600.0
1.2,19447.0,60600.0
1.21,19447.0,60600.0
1.21,19447.0,60600.0
1.22,19354.0,60609.0
1.22,19354.0,60609.0
1.23,19354.0,60609.0
1.23,19354.0,60609.0
1.24,19309.0,60647.0
1.24,19309.0,60647.0
1.25,19309.0,60647.0
1.25,19309.0,60647.0
1.26,19814.0,60720.0
1.26,19814.0,60720.0
1.27,19814.0,60720.0
1.27,19814.0,60720.0
1.28,19382.0,60810.0
1.28,19382.0,60810.0
1.29,19382.0,60810.0
1.29,19382.0,60810.0
1.3,18888.0,60880.0
1.3,18888.0,60880.0
1.31,18888.0,60880.0
1.31,18888.0,60880.0
1.32,18872.0,60957.0
1.32,18872.0,60957.0
1.33,18872.0,60957.0
1.33,18872.0,60957.0
1.34,18765.0,61030.0
1.34,18765.0,61030.0
1.35,18765.0,61030.0
1.35,18765.0,61030.0
1.36,18683.0,61113.0
1.36,18683.0,61113.0
1.37,18683.0,61113.0
1.37,18683.0,61113.0
1.38,18596.0,61155.0
1.38,18596.0,61155.0
1.39,18596.0,61155.0
1.39,18596.0,61155.0
1.4,18634.0,61202.0
1.4,18634.0,61202.0
1.41,18634.0,61202.0
1.41,18634.0,61202.0
1.42,18514.0,61255.0
1.42,18514.0,61255.0
1.43,18514.0,61255.0
1.43,18514.0,61255.0
1.44,18392.0,61286.0
1.44,18392.0,61286.0
1.45,18392.0,61286.0
1.46,18392.0,61286.0
1.46,18377.0,61275.0
1.46,18377.0,61275.0
1.47,18377.0,61275.0
1.47,18377.0,61275.0
1.48,18426.0,61011.0
1.48,18426.0,61011.0
1.49,18426.0,61011.0
1.5,18426.0,61011.0
1.5,18201.0,60497.0
1.5,18201.0,60497.0
1.51,18201.0,60497.0
1.51,18201.0,60497.0
1.52,18304.0,60169.0
1.52,18304.0,60169.0
1.53,18304.0,60169.0
1.53,18304.0,60169.0
1.54,18249.0,60060.0
1.54,18249.0,60060.0
1.55,18249.0,60060.0
1.55,18249.0,60060.0
1.56,18149.0,60048.0
1.56,18149.0,60048.0
1.57,18149.0,60048.0
1.57,18149.0,60048.0
1.58,18163.0,60133.0
1.59,18163.0,60133.0
1.59,18163.0,60133.0
1.6,18163.0,60133.0
1.6,18154.0,60257.0
1.6,18154.0,60257.0
1.61,18154.0,60257.0
1.61,18154.0,60257.0
1.62,18164.0,60440.0
1.63,18164.0,60440.0
1.63,18164.0,60440.0
1.63,18164.0,60440.0
1.64,18220.0,60622.0
1.64,18220.0,60622.0
1.65,18220.0,60622.0
1.65,18220.0,60622.0
1.66,18120.0,60822.0
1.66,18120.0,60822.0
1.67,18120.0,60822.0
1.67,18120.0,60822.0
1.68,18050.0,60958.0
1.68,18050.0,60958.0
1.69,18050.0,60958.0
1.69,18050.0,60958.0
1.7,18134.0,61039.0
1.7,18134.0,61039.0
1.71,18134.0,61039.0
1.72,18134.0,61039.0
1.72,18061.0,61048.0
1.73,18061.0,61048.0
1.73,18061.0,61048.0
1.74,18061.0,61048.0
1.74,18129.0,60990.0
1.74,18129.0,60990.0
1.75,18129.0,60990.0
1.75,18129.0,60990.0
1.76,18058.0,60886.0
1.76,18058.0,60886.0
1.77,18058.0,60886.0
1.77,18058.0,60886.0
1.78,18015.0,60809.0
1.78,18015.0,60809.0
1.79,18015.0,60809.0
1.79,18015.0,60809.0
1.8,17943.0,60765.0
1.8,17943.0,60765.0
1.81,17943.0,60765.0
1.82,17943.0,60765.0
1.82,17951.0,60783.0
1.83,17951.0,60783.0
1.83,17951.0,60783.0
1.84,17951.0,60783.0
1.84,18260.0,60810.0
1.85,18260.0,60810.0
1.85,18260.0,60810.0
1.86,18260.0,60810.0
1.86,18712.0,60880.0
1.86,18712.0,60880.0
1.87,18712.0,60880.0
1.88,18712.0,60880.0
1.88,17819.0,60962.0
1.88,17819.0,60962.0
1.89,17819.0,60962.0
1.9,17819.0,60962.0
1.9,17798.0,61050.0
1.9,17798.0,61050.0
1.91,17798.0,61050.0
1.91,17798.0,61050.0
1.92,18007.0,61119.0
1.92,18007.0,61119.0
1.93,18007.0,61119.0
1.93,18007.0,61119.0
1.94,17991.0,61177.0
1.95,17991.0,61177.0
1.95,17991.0,61177.0
1.96,17991.0,61177.0
1.96,17905.0,61226.0
1.97,17905.0,61226.0
1.97,17905.0,61226.0
1.98,17905.0,61226.0
1.98,17832.0,61269.0
1.98,17832.0,61269.0
1.99,17832.0,61269.0
2.0,17832.0,61269.0
2.0,18012.0,61327.0
2.01,18012.0,61327.0
2.01,18012.0,61327.0
2.02,18012.0,61327.0
2.02,18004.0,61343.0
2.03,18004.0,61343.0
2.03,18004.0,61343.0
2.04,18004.0,61343.0
2.04,17984.0,61351.0
2.05,17984.0,61351.0
2.05,17984.0,61351.0
2.06,17984.0,61351.0
2.06,18060.0,61246.0
2.07,18060.0,61246.0
2.07,18060.0,61246.0
2.08,18060.0,61246.0
2.08,18002.0,60832.0
2.09,18002.0,60832.0
2.09,18002.0,60832.0
2.1,18002.0,60832.0
2.1,18012.0,60375.0
2.11,18012.0,60375.0
2.11,18012.0,60375.0
2.12,18012.0,60375.0
2.12,17879.0,60172.0
2.13,17879.0,60172.0
2.13,17879.0,60172.0
2.14,17879.0,60172.0
2.14,17832.0,60139.0
2.15,17832.0,60139.0
2.15,17832.0,60139.0
2.16,17832.0,60139.0
2.16,17943.0,60188.0
2.17,17943.0,60188.0
2.17,17943.0,60188.0
2.18,17943.0,60188.0
2.18,17889.0,60321.0
2.19,17889.0,60321.0
2.19,17889.0,60321.0
2.2,17889.0,60321.0
2.2,17806.0,60479.0
2.21,17806.0,60479.0
2.21,17806.0,60479.0
2.22,17806.0,60479.0
2.22,17900.0,60678.0
2.23,17900.0,60678.0
2.23,17900.0,60678.0
2.24,17900.0,60678.0
2.24,17911.0,60879.0
2.25,17911.0,60879.0
2.25,17911.0,60879.0
2.26,17911.0,60879.0
2.26,18035.0,61038.0
2.27,18035.0,61038.0
2.27,18035.0,61038.0
2.28,18035.0,61038.0
2.28,17857.0,61143.0
2.29,17857.0,61143.0
2.29,17857.0,61143.0
2.3,17857.0,61143.0
2.3,17947.0,61153.0
2.31,17947.0,61153.0
2.31,17947.0,61153.0
2.32,17947.0,61153.0
2.32,18059.0,61133.0
2.33,18059.0,61133.0
2.33,18059.0,61133.0
2.34,18059.0,61133.0
2.34,17787.0,61051.0
2.35,17787.0,61051.0
2.35,17787.0,61051.0
2.36,17787.0,61051.0
2.36,17842.0,60974.0
2.37,17842.0,60974.0
2.37,17842.0,60974.0
2.38,17842.0,60974.0
2.38,17939.0,60919.0
2.39,17939.0,60919.0
2.39,17939.0,60919.0
2.4,17939.0,60919.0
2.4,18083.0,60901.0
2.41,18083.0,60901.0
2.41,18083.0,60901.0
2.42,18083.0,60901.0
2.42,18208.0,60926.0
2.43,18208.0,60926.0
2.43,18208.0,60926.0
2.44,18208.0,60926.0
2.44,18748.0,60992.0
2.45,18748.0,60992.0
2.45,18748.0,60992.0
2.46,18748.0,60992.0
2.46,17658.0,61065.0
2.47,17658.0,61065.0
2.47,17658.0,61065.0
2.48,17658.0,61065.0
2.48,17750.0,61127.0
2.49,17750.0,61127.0
2.49,17750.0,61127.0
2.5,17750.0,61127.0
2.5,17781.0,61193.0
2.51,17781.0,61193.0
2.51,17781.0,61193.0
2.52,17781.0,61193.0
2.52,17709.0,61257.0
2.53,17709.0,61257.0
2.53,17709.0,61257.0
2.54,17709.0,61257.0
2.54,17868.0,61312.0
2.55,17868.0,61312.0
2.55,17868.0,61312.0
2.56,17868.0,61312.0
2.56,17699.0,61363.0
2.57,17699.0,61363.0
2.57,17699.0,61363.0
2.58,17699.0,61363.0
2.58,17714.0,61398.0
2.59,17714.0,61398.0
2.59,17714.0,61398.0
2.6,17714.0,61398.0
2.6,17907.0,61453.0
2.61,17907.0,61453.0
2.61,17907.0,61453.0
2.62,17907.0,61453.0
2.62,17797.0,61500.0
2.63,17797.0,61500.0
2.63,17797.0,61500.0
2.64,17797.0,61500.0
2.64,17866.0,61470.0
2.65,17866.0,61470.0
2.65,17866.0,61470.0
2.66,17866.0,61470.0
2.66,17779.0,61176.0
2.67,17779.0,61176.0
2.67,17779.0,61176.0
2.68,17779.0,61176.0
2.68,17767.0,60689.0
2.69,17767.0,60689.0
2.69,17767.0,60689.0
2.7,17767.0,60689.0
2.7,17703.0,60330.0
2.71,17703.0,60330.0
2.71,17703.0,60330.0
2.72,17703.0,60330.0
2.72,17723.0,60250.0
2.73,17723.0,60250.0
2.73,17723.0,60250.0
2.74,17723.0,60250.0
2.74,17667.0,60278.0
2.75,17667.0,60278.0
2.75,17667.0,60278.0
2.76,17667.0,60278.0
2.76,18279.0,60374.0
2.77,18279.0,60374.0
2.77,18279.0,60374.0
2.78,18279.0,60374.0
2.78,17712.0,60545.0
2.79,17712.0,60545.0
2.79,17712.0,60545.0
2.8,17712.0,60545.0
2.8,17849.0,60736.0
2.81,17849.0,60736.0
2.81,17849.0,60736.0
2.82,17849.0,60736.0
2.82,17632.0,60931.0
2.83,17632.0,60931.0
2.83,17632.0,60931.0
2.84,17632.0,60931.0
2.84,17658.0,61110.0
2.85,17658.0,61110.0
2.85,17658.0,61110.0
2.86,17658.0,61110.0
2.86,17819.0,61229.0
2.87,17819.0,61229.0
2.87,17819.0,61229.0
2.88,17819.0,61229.0
2.88,17790.0,61272.0
2.89,17790.0,61272.0
2.89,17790.0,61272.0
2.9,17790.0,61272.0
2.9,18146.0,61246.0
2.91,18146.0,61246.0
2.91,18146.0,61246.0
2.92,18146.0,61246.0
2.92,17847.0,61165.0
2.93,17847.0,61165.0
2.93,17847.0,61165.0
2.94,17847.0,61165.0
2.94,17721.0,61050.0
2.95,17721.0,61050.0
2.95,17721.0,61050.0
2.96,17721.0,61050.0
2.96,17904.0,60969.0
2.97,17904.0,60969.0
2.97,17904.0,60969.0
2.98,17904.0,60969.0
2.98,17951.0,60957.0
2.99,17951.0,60957.0
2.99,17951.0,60957.0
3.0,17951.0,60957.0
3.0,17874.0,60971.0
3.01,17874.0,60971.0
3.01,17874.0,60971.0
3.02,17874.0,60971.0
3.02,18557.0,61026.0
3.03,18557.0,61026.0
3.03,18557.0,61026.0
3.04,18557.0,61026.0
3.04,17812.0,61091.0
3.05,17812.0,61091.0
3.05,17812.0,61091.0
3.06,17812.0,61091.0
3.06,17716.0,61147.0
3.07,17716.0,61147.0
3.07,17716.0,61147.0
3.08,17716.0,61147.0
3.08,17770.0,61221.0
3.09,17770.0,61221.0
3.09,17770.0,61221.0
3.1,17770.0,61221.0
3.1,17703.0,61276.0
3.11,17703.0,61276.0
3.11,17703.0,61276.0
3.12,17703.0,61276.0
3.12,17859.0,61330.0
3.13,17859.0,61330.0
3.13,17859.0,61330.0
3.14,17859.0,61330.0
3.14,17857.0,61390.0
3.15,17857.0,61390.0
3.15,17857.0,61390.0
3.16,17857.0,61390.0
3.16,18028.0,61426.0
3.17,18028.0,61426.0
3.17,18028.0,61426.0
3.18,18028.0,61426.0
3.18,17802.0,61467.0
3.19,17802.0,61467.0
3.19,17802.0,61467.0
3.2,17802.0,61467.0
3.2,17806.0,61473.0
3.21,17806.0,61473.0
3.21,17806.0,61473.0
3.22,17806.0,61473.0
3.22,17772.0,61384.0
3.23,17772.0,61384.0
3.23,17772.0,61384.0
3.24,17772.0,61384.0
3.24,17890.0,60949.0
3.25,17890.0,60949.0
3.25,17890.0,60949.0
3.26,17890.0,60949.0
3.26,17776.0,60463.0
3.27,17776.0,60463.0
3.27,17776.0,60463.0
3.28,17776.0,60463.0
3.28,17709.0,60251.0
3.29,17709.0,60251.0
3.29,17709.0,60251.0
3.3,17709.0,60251.0
3.3,17776.0,60211.0
3.31,17776.0,60211.0
3.31,17776.0,60211.0
3.32,17776.0,60211.0
3.32,17673.0,60278.0
3.33,17673.0,60278.0
3.33,17673.0,60278.0
3.34,17673.0,60278.0
3.34,17737.0,60385.0
3.35,17737.0,60385.0
3.35,17737.0,60385.0
3.36,17737.0,60385.0
3.36,17829.0,60562.0
3.37,17829.0,60562.0
3.37,17829.0,60562.0
3.38,17829.0,60562.0
3.38,17727.0,60754.0
3.39,17727.0,60754.0
3.39,17727.0,60754.0
3.4,17727.0,60754.0
3.4,17628.0,60941.0
3.41,17628.0,60941.0
3.41,17628.0,60941.0
3.42,17628.0,60941.0
3.42,17755.0,61097.0
3.43,17755.0,61097.0
3.43,17755.0,61097.0
3.44,17755.0,61097.0
3.44,17796.0,61190.0
3.45,17796.0,61190.0
3.45,17796.0,61190.0
3.46,17796.0,61190.0
3.46,17734.0,61221.0
3.47,17734.0,61221.0
3.47,17734.0,61221.0
3.48,17734.0,61221.0
3.48,17845.0,61166.0
3.49,17845.0,61166.0
3.49,17845.0,61166.0
3.5,17845.0,61166.0
3.5,17707.0,61099.0
3.51,17707.0,61099.0
3.51,17707.0,61099.0
3.52,17707.0,61099.0
3.52,17502.0,61015.0
3.53,17502.0,61015.0
3.53,17502.0,61015.0
3.54,17502.0,61015.0
3.54,17662.0,60965.0
3.55,17662.0,60965.0
3.55,17662.0,60965.0
3.56,17662.0,60965.0
3.56,17702.0,60964.0
3.57,17702.0,60964.0
3.57,17702.0,60964.0
3.58,17702.0,60964.0
3.58,17811.0,61023.0
3.59,17811.0,61023.0
3.59,17811.0,61023.0
3.6,17811.0,61023.0
3.6,18700.0,61082.0
3.61,18700.0,61082.0
3.61,18700.0,61082.0
3.62,18700.0,61082.0
3.62,17715.0,61153.0
3.63,17715.0,61153.0
3.63,17715.0,61153.0
3.64,17715.0,61153.0
3.64,17766.0,61227.0
3.65,17766.0,61227.0
3.65,17766.0,61227.0
3.66,17766.0,61227.0
3.66,17666.0,61286.0
3.67,17666.0,61286.0
3.67,17666.0,61286.0
3.68,17666.0,61286.0
3.68,17720.0,61337.0
3.69,17720.0,61337.0
3.69,17720.0,61337.0
3.7,17720.0,61337.0
3.7,17686.0,61403.0
3.71,17686.0,61403.0
3.71,17686.0,61403.0
3.72,17686.0,61403.0
3.72,17988.0,61440.0
3.73,17988.0,61440.0
3.73,17988.0,61440.0
3.74,17988.0,61440.0
3.74,17872.0,61486.0
3.75,17872.0,61486.0
3.76,17872.0,61486.0
3.76,17872.0,61486.0
3.76,17882.0,61520.0
3.77,17882.0,61520.0
3.77,17882.0,61520.0
3.78,17882.0,61520.0
3.78,17926.0,61533.0
3.79,17926.0,61533.0
3.79,17926.0,61533.0
3.8,17926.0,61533.0
3.8,17825.0,61341.0
3.81,17825.0,61341.0
3.81,17825.0,61341.0
3.82,17825.0,61341.0
3.82,17861.0,60827.0
3.83,17861.0,60827.0
3.83,17861.0,60827.0
3.84,17861.0,60827.0
3.85,17635.0,60369.0
3.85,17635.0,60369.0
3.85,17635.0,60369.0
3.86,17635.0,60369.0
3.86,17821.0,60229.0
3.87,17821.0,60229.0
3.87,17821.0,60229.0
3.88,17821.0,60229.0
3.89,17813.0,60190.0
3.89,17813.0,60190.0
3.9,17813.0,60190.0
3.9,17813.0,60190.0
3.9,17786.0,60275.0
3.91,17786.0,60275.0
3.91,17786.0,60275.0
3.92,17786.0,60275.0
3.92,17673.0,60396.0
3.93,17673.0,60396.0
3.94,17673.0,60396.0
3.94,17673.0,60396.0
3.94,17768.0,60559.0
3.95,17768.0,60559.0
3.95,17768.0,60559.0
3.96,17768.0,60559.0
3.96,17761.0,60734.0
3.97,17761.0,60734.0
3.98,17761.0,60734.0
3.98,17761.0,60734.0
3.98,17619.0,60924.0
3.99,17619.0,60924.0
3.99,17619.0,60924.0
4.0,17619.0,60924.0
4.0,17757.0,61063.0
4.01,17757.0,61063.0
4.01,17757.0,61063.0
4.02,17757.0,61063.0
4.03,17538.0,61147.0
4.03,17538.0,61147.0
4.03,17538.0,61147.0
4.04,17538.0,61147.0
4.04,17605.0,61154.0
4.05,17605.0,61154.0
4.05,17605.0,61154.0
4.06,17605.0,61154.0
4.07,17664.0,61099.0
4.07,17664.0,61099.0
4.07,17664.0,61099.0
4.08,17664.0,61099.0
4.08,17589.0,61003.0
4.09,17589.0,61003.0
4.09,17589.0,61003.0
4.1,17589.0,61003.0
4.11,17652.0,60928.0
4.11,17652.0,60928.0
4.11,17652.0,60928.0
4.12,17652.0,60928.0
4.13,17510.0,60893.0
4.13,17510.0,60893.0
4.13,17510.0,60893.0
4.14,17510.0,60893.0
4.15,17804.0,60902.0
4.15,17804.0,60902.0
4.16,17804.0,60902.0
4.16,17804.0,60902.0
4.17,17716.0,60922.0
4.17,17716.0,60922.0
4.18,17716.0,60922.0
4.18,17716.0,60922.0
4.19,18467.0,60983.0
4.19,18467.0,60983.0
4.2,18467.0,60983.0
4.2,18467.0,60983.0
4.21,18009.0,61043.0
4.21,18009.0,61043.0
4.22,18009.0,61043.0
4.22,18009.0,61043.0
4.23,17858.0,61125.0
4.23,17858.0,61125.0
4.24,17858.0,61125.0
4.24,17858.0,61125.0
4.25,17618.0,61193.0
4.25,17618.0,61193.0
4.26,17618.0,61193.0
4.26,17618.0,61193.0
4.26,17767.0,61246.0
4.27,17767.0,61246.0
4.28,17767.0,61246.0
4.28,17767.0,61246.0
4.28,17759.0,61285.0
4.29,17759.0,61285.0
4.3,17759.0,61285.0
4.3,17759.0,61285.0
4.3,17751.0,61340.0
4.31,17751.0,61340.0
4.32,17751.0,61340.0
4.32,17751.0,61340.0
4.32,17739.0,61374.0
4.33,17739.0,61374.0
4.34,17739.0,61374.0
4.34,17739.0,61374.0
4.34,17927.0,61400.0
4.35,17927.0,61400.0
4.36,17927.0,61400.0
4.36,17927.0,61400.0
4.37,17710.0,61412.0
4.37,17710.0,61412.0
4.38,17710.0,61412.0
4.38,17710.0,61412.0
4.39,17679.0,61294.0
4.39,17679.0,61294.0
4.4,17679.0,61294.0
4.4,17679.0,61294.0
4.41,17785.0,60831.0
4.41,17785.0,60831.0
4.42,17785.0,60831.0
4.42,17785.0,60831.0
4.43,17709.0,60329.0
4.43,17709.0,60329.0
4.44,17709.0,60329.0
4.44,17709.0,60329.0
4.45,17839.0,60120.0
4.45,17839.0,60120.0
4.46,17839.0,60120.0
4.46,17839.0,60120.0
4.47,17784.0,60053.0
4.47,17784.0,60053.0
4.48,17784.0,60053.0
4.48,17784.0,60053.0
4.49,17848.0,60038.0
4.49,17848.0,60038.0
4.5,17848.0,60038.0
4.5,17848.0,60038.0
4.51,17876.0,60113.0
4.51,17876.0,60113.0
4.51,17876.0,60113.0
4.52,17876.0,60113.0
4.53,17808.0,60234.0
4.53,17808.0,60234.0
4.54,17808.0,60234.0
4.54,17808.0,60234.0
4.55,17961.0,60377.0
4.55,17961.0,60377.0
4.55,17961.0,60377.0
4.56,17961.0,60377.0
4.57,17794.0,60547.0
4.57,17794.0,60547.0
4.58,17794.0,60547.0
4.58,17794.0,60547.0
4.59,17717.0,60718.0
4.59,17717.0,60718.0
4.6,17717.0,60718.0
4.6,17717.0,60718.0
4.61,17752.0,60814.0
4.61,17752.0,60814.0
4.62,17752.0,60814.0
4.62,17752.0,60814.0
4.63,17787.0,60841.0
4.63,17787.0,60841.0
4.64,17787.0,60841.0
4.64,17787.0,60841.0
4.65,17767.0,60827.0
4.65,17767.0,60827.0
4.66,17767.0,60827.0
4.66,17767.0,60827.0
4.67,17890.0,60717.0
4.67,17890.0,60717.0
4.68,17890.0,60717.0
4.68,17890.0,60717.0
4.69,17672.0,60588.0
4.69,17672.0,60588.0
4.7,17672.0,60588.0
4.7,17672.0,60588.0
4.71,17766.0,60501.0
4.71,17766.0,60501.0
4.72,17766.0,60501.0
4.72,17766.0,60501.0
4.73,17651.0,60473.0
4.73,17651.0,60473.0
4.74,17651.0,60473.0
4.74,17651.0,60473.0
4.75,17658.0,60490.0
4.75,17658.0,60490.0
4.76,17658.0,60490.0
4.76,17658.0,60490.0
4.77,17685.0,60548.0
4.77,17685.0,60548.0
4.78,17685.0,60548.0
4.78,17685.0,60548.0
4.79,18743.0,60630.0
4.79,18743.0,60630.0
4.8,18743.0,60630.0
4.8,18743.0,60630.0
4.81,17527.0,60721.0
4.81,17527.0,60721.0
4.82,17527.0,60721.0
4.82,17527.0,60721.0
4.83,17687.0,60798.0
4.83,17687.0,60798.0
4.84,17687.0,60798.0
4.84,17687.0,60798.0
4.85,17412.0,60878.0
4.85,17412.0,60878.0
4.86,17412.0,60878.0
4.86,17412.0,60878.0
4.87,17565.0,60940.0
4.87,17565.0,60940.0
4.88,17565.0,60940.0
4.88,17565.0,60940.0
4.89,17525.0,60984.0
4.89,17525.0,60984.0
4.9,17525.0,60984.0
4.9,17525.0,60984.0
4.91,17559.0,61056.0
4.91,17559.0,61056.0
4.92,17559.0,61056.0
4.92,17559.0,61056.0
4.93,17476.0,61085.0
4.93,17476.0,61085.0
4.94,17476.0,61085.0
4.94,17476.0,61085.0
4.95,17552.0,61093.0
4.95,17552.0,61093.0
4.96,17552.0,61093.0
4.96,17552.0,61093.0
4.97,17399.0,61097.0
4.97,17399.0,61097.0
4.98,17399.0,61097.0
4.98,17399.0,61097.0
4.99,17383.0,60936.0
4.99,17383.0,60936.0
5.0,17383.0,60936.0
5.0,17383.0,60936.0
5.01,17892.0,60469.0
5.01,17892.0,60469.0
5.02,17892.0,60469.0
5.02,17892.0,60469.0
5.03,17792.0,60112.0
5.03,17792.0,60112.0
5.04,17792.0,60112.0
5.04,17792.0,60112.0
5.05,17485.0,59946.0
5.05,17485.0,59946.0
5.06,17485.0,59946.0
5.06,17485.0,59946.0
5.07,17547.0,59892.0
5.07,17547.0,59892.0
5.08,17547.0,59892.0
5.08,17547.0,59892.0
5.09,17490.0,59904.0
5.09,17490.0,59904.0
5.1,17490.0,59904.0
5.1,17490.0,59904.0
5.11,17605.0,60002.0
5.11,17605.0,60002.0
5.12,17605.0,60002.0
5.12,17605.0,60002.0
5.13,17519.0,60132.0
5.13,17519.0,60132.0
5.14,17519.0,60132.0
5.14,17519.0,60132.0
5.15,17636.0,60293.0
5.15,17636.0,60293.0
5.16,17636.0,60293.0
5.16,17636.0,60293.0
5.17,17522.0,60463.0
5.17,17522.0,60463.0
5.18,17522.0,60463.0
5.18,17522.0,60463.0
5.19,17533.0,60624.0
5.19,17533.0,60624.0
5.2,17533.0,60624.0
5.2,17533.0,60624.0
5.21,17456.0,60716.0
5.21,17456.0,60716.0
5.22,17456.0,60716.0
5.22,17456.0,60716.0
5.23,17508.0,60723.0
5.23,17508.0,60723.0
5.24,17508.0,60723.0
5.24,17508.0,60723.0
5.25,17499.0,60663.0
5.25,17499.0,60663.0
5.26,17499.0,60663.0
5.26,17499.0,60663.0
5.27,17502.0,60533.0
5.27,17502.0,60533.0
5.28,17502.0,60533.0
5.28,17502.0,60533.0
5.29,17709.0,60400.0
5.29,17709.0,60400.0
5.3,17709.0,60400.0
5.3,17709.0,60400.0
5.31,17548.0,60360.0
5.31,17548.0,60360.0
5.32,17548.0,60360.0
5.32,17548.0,60360.0
5.33,17503.0,60346.0
5.33,17503.0,60346.0
5.34,17503.0,60346.0
5.34,17503.0,60346.0
5.35,17625.0,60368.0
5.35,17625.0,60368.0
5.36,17625.0,60368.0
5.36,17625.0,60368.0
5.37,17581.0,60441.0
5.37,17581.0,60441.0
5.38,17581.0,60441.0
5.38,17581.0,60441.0
5.39,17869.0,60533.0
5.39,17869.0,60533.0
5.4,17869.0,60533.0
5.4,17869.0,60533.0
5.41,18122.0,60627.0
5.41,18122.0,60627.0
5.42,18122.0,60627.0
5.42,18122.0,60627.0
5.43,17468.0,60708.0
5.43,17468.0,60708.0
5.44,17468.0,60708.0
5.44,17468.0,60708.0
5.45,17382.0,60793.0
5.45,17382.0,60793.0
5.46,17382.0,60793.0
5.46,17382.0,60793.0
5.47,17506.0,60840.0
5.47,17506.0,60840.0
5.48,17506.0,60840.0
5.48,17506.0,60840.0
5.49,17464.0,60904.0
5.49,17464.0,60904.0
5.5,17464.0,60904.0
5.5,17464.0,60904.0
5.51,17499.0,60953.0
5.51,17499.0,60953.0
5.52,17499.0,60953.0
5.52,17499.0,60953.0
5.53,17520.0,61005.0
5.53,17520.0,61005.0
5.54,17520.0,61005.0
5.54,17520.0,61005.0
5.55,17592.0,61036.0
5.55,17592.0,61036.0
5.56,17592.0,61036.0
5.56,17592.0,61036.0
5.57,17489.0,61069.0
5.57,17489.0,61069.0
5.58,17489.0,61069.0
5.58,17489.0,61069.0
5.59,17653.0,61061.0
5.59,17653.0,61061.0
5.6,17653.0,61061.0
5.6,17653.0,61061.0
5.61,17646.0,60845.0
5.61,17646.0,60845.0
5.62,17646.0,60845.0
5.62,17646.0,60845.0
5.63,17704.0,60393.0
5.63,17704.0,60393.0
5.64,17704.0,60393.0
5.64,17704.0,60393.0
5.65,17635.0,60074.0
5.65,17635.0,60074.0
5.66,17635.0,60074.0
5.66,17635.0,60074.0
5.67,17676.0,59969.0
5.67,17676.0,59969.0
5.68,17676.0,59969.0
5.68,17676.0,59969.0
5.69,17730.0,59973.0
5.69,17730.0,59973.0
5.7,17730.0,59973.0
5.7,17730.0,59973.0
5.71,17816.0,60069.0
5.71,17816.0,60069.0
5.72,17816.0,60069.0
5.72,17816.0,60069.0
5.73,17700.0,60218.0
5.73,17700.0,60218.0
5.74,17700.0,60218.0
5.74,17700.0,60218.0
5.75,17748.0,60403.0
5.75,17748.0,60403.0
5.76,17748.0,60403.0
5.76,17748.0,60403.0
5.77,17717.0,60589.0
5.77,17717.0,60589.0
5.78,17717.0,60589.0
5.78,17717.0,60589.0
5.79,17775.0,60745.0
5.79,17775.0,60745.0
5.8,17775.0,60745.0
5.8,17775.0,60745.0
5.81,17739.0,60883.0
5.81,17739.0,60883.0
5.82,17739.0,60883.0
5.82,17739.0,60883.0
5.83,17799.0,60960.0
5.83,17799.0,60960.0
5.84,17799.0,60960.0
5.84,17799.0,60960.0
5.85,17973.0,60951.0
5.85,17973.0,60951.0
5.86,17973.0,60951.0
5.86,17973.0,60951.0
5.87,17779.0,60872.0
5.87,17779.0,60872.0
5.88,17779.0,60872.0
5.88,17779.0,60872.0
5.89,17968.0,60769.0
5.89,17968.0,60769.0
5.9,17968.0,60769.0
5.9,17968.0,60769.0
5.91,17852.0,60686.0
5.91,17852.0,60686.0
5.92,17852.0,60686.0
5.92,17852.0,60686.0
5.93,17925.0,60670.0
5.93,17925.0,60670.0
5.94,17925.0,60670.0
5.94,17925.0,60670.0
5.95,17890.0,60699.0
5.95,17890.0,60699.0
5.96,17890.0,60699.0
5.96,17890.0,60699.0
5.97,17979.0,60760.0
5.97,17979.0,60760.0
5.98,17979.0,60760.0
5.98,17979.0,60760.0
5.99,18116.0,60832.0
5.99,18116.0,60832.0
6.0,18116.0,60832.0
6.0,18116.0,60832.0
6.01,19082.0,60895.0
6.01,19082.0,60895.0
6.02,19082.0,60895.0
6.02,19082.0,60895.0
6.03,18003.0,60961.0
6.03,18003.0,60961.0
6.04,18003.0,60961.0
6.04,18003.0,60961.0
6.05,18342.0,61030.0
6.05,18342.0,61030.0
6.06,18342.0,61030.0
6.06,18342.0,61030.0
6.07,18305.0,61079.0
6.07,18305.0,61079.0
6.08,18305.0,61079.0
6.08,18305.0,61079.0
6.09,18346.0,61125.0
6.09,18346.0,61125.0
6.1,18346.0,61125.0
6.1,18346.0,61125.0
6.11,18426.0,61146.0
6.11,18426.0,61146.0
6.12,18426.0,61146.0
6.12,18426.0,61146.0
6.13,18457.0,61183.0
6.13,18457.0,61183.0
6.14,18457.0,61183.0
6.14,18457.0,61183.0
6.15,18597.0,61225.0
6.15,18597.0,61225.0
6.16,18597.0,61225.0
6.16,18597.0,61225.0
6.17,18505.0,61254.0
6.17,18505.0,61254.0
6.18,18505.0,61254.0
6.18,18505.0,61254.0
6.19,18599.0,61283.0
6.19,18599.0,61283.0
6.2,18599.0,61283.0
6.2,18599.0,61283.0
6.21,18563.0,61232.0
6.21,18563.0,61232.0
6.22,18563.0,61232.0
6.22,18563.0,61232.0
6.23,18719.0,60939.0
6.24,18719.0,60939.0
6.24,18719.0,60939.0
6.25,18719.0,60939.0
6.25,18711.0,60465.0
6.25,18711.0,60465.0
6.26,18711.0,60465.0
6.26,18711.0,60465.0
6.27,18602.0,60167.0
6.28,18602.0,60167.0
6.28,18602.0,60167.0
6.28,18602.0,60167.0
6.29,18660.0,60112.0
6.29,18660.0,60112.0
6.3,18660.0,60112.0
6.3,18660.0,60112.0
6.31,18822.0,60113.0
6.32,18822.0,60113.0
6.32,18822.0,60113.0
6.32,18822.0,60113.0
6.33,18627.0,60191.0
6.33,18627.0,60191.0
6.34,18627.0,60191.0
6.34,18627.0,60191.0
6.35,18750.0,60347.0
6.35,18750.0,60347.0
6.36,18750.0,60347.0
6.36,18750.0,60347.0
6.37,18656.0,60536.0
6.38,18656.0,60536.0
6.38,18656.0,60536.0
6.39,18656.0,60536.0
6.39,18646.0,60739.0
6.39,18646.0,60739.0
6.4,18646.0,60739.0
6.41,18646.0,60739.0
6.41,18744.0,60898.0
6.42,18744.0,60898.0
6.42,18744.0,60898.0
6.43,18744.0,60898.0
6.43,18776.0,61015.0
6.43,18776.0,61015.0
6.44,18776.0,61015.0
6.45,18776.0,61015.0
6.45,18872.0,61051.0
6.46,18872.0,61051.0
6.46,18872.0,61051.0
6.47,18872.0,61051.0
6.47,18901.0,61030.0
6.47,18901.0,61030.0
6.48,18901.0,61030.0
6.48,18901.0,61030.0
6.49,18921.0,60931.0
6.5,18921.0,60931.0
6.5,18921.0,60931.0
6.51,18921.0,60931.0
6.51,18925.0,60844.0
6.51,18925.0,60844.0
6.52,18925.0,60844.0
6.52,18925.0,60844.0
6.53,18808.0,60774.0
6.53,18808.0,60774.0
6.54,18808.0,60774.0
6.55,18808.0,60774.0
6.55,18777.0,60782.0
6.55,18777.0,60782.0
6.56,18777.0,60782.0
6.57,18777.0,60782.0
6.57,18792.0,60796.0
6.57,18792.0,60796.0
6.58,18792.0,60796.0
6.59,18792.0,60796.0
6.59,18768.0,60851.0
6.59,18768.0,60851.0
6.6,18768.0,60851.0
6.61,18768.0,60851.0
6.61,19564.0,60919.0
6.61,19564.0,60919.0
6.62,19564.0,60919.0
6.63,19564.0,60919.0
6.63,18990.0,60983.0
6.64,18990.0,60983.0
6.64,18990.0,60983.0
6.65,18990.0,60983.0
6.65,18876.0,61072.0
6.66,18876.0,61072.0
6.66,18876.0,61072.0
6.67,18876.0,61072.0
6.67,18810.0,61133.0
6.68,18810.0,61133.0
6.68,18810.0,61133.0
6.69,18810.0,61133.0
6.69,18950.0,61186.0
6.7,18950.0,61186.0
6.7,18950.0,61186.0
6.71,18950.0,61186.0
6.71,18889.0,61248.0
6.72,18889.0,61248.0
6.72,18889.0,61248.0
6.73,18889.0,61248.0
6.73,18824.0,61280.0
6.74,18824.0,61280.0
6.74,18824.0,61280.0
6.75,18824.0,61280.0
6.75,18934.0,61301.0
6.76,18934.0,61301.0
6.76,18934.0,61301.0
6.76,18934.0,61301.0
6.77,19057.0,61339.0
6.78,19057.0,61339.0
6.78,19057.0,61339.0
6.79,19057.0,61339.0
6.79,18927.0,61374.0
6.8,18927.0,61374.0
6.8,18927.0,61374.0
6.8,18927.0,61374.0
6.81,18915.0,61349.0
6.82,18915.0,61349.0
6.82,18915.0,61349.0
6.82,18915.0,61349.0
6.83,18921.0,61165.0
6.84,18921.0,61165.0
6.84,18921.0,61165.0
6.84,18921.0,61165.0
6.85,18958.0,60715.0
6.86,18958.0,60715.0
6.86,18958.0,60715.0
6.86,18958.0,60715.0
6.87,18799.0,60332.0
6.88,18799.0,60332.0
6.88,18799.0,60332.0
6.89,18799.0,60332.0
6.89,18932.0,60181.0
6.9,18932.0,60181.0
6.9,18932.0,60181.0
6.91,18932.0,60181.0
6.91,19006.0,60195.0
6.92,19006.0,60195.0
6.92,19006.0,60195.0
6.93,19006.0,60195.0
6.93,18982.0,60296.0
6.94,18982.0,60296.0
6.94,18982.0,60296.0
6.95,18982.0,60296.0
6.95,19121.0,60461.0
6.96,19121.0,60461.0
6.96,19121.0,60461.0
6.97,19121.0,60461.0
6.97,19244.0,60650.0
6.98,19244.0,60650.0
6.98,19244.0,60650.0
6.99,19244.0,60650.0
6.99,19167.0,60842.0
7.0,19167.0,60842.0
7.0,19167.0,60842.0
7.01,19167.0,60842.0
7.01,19118.0,61015.0
7.02,19118.0,61015.0
7.02,19118.0,61015.0
7.03,19118.0,61015.0
7.03,19070.0,61130.0
7.04,19070.0,61130.0
7.04,19070.0,61130.0
7.05,19070.0,61130.0
7.05,19220.0,61201.0
7.06,19220.0,61201.0
7.06,19220.0,61201.0
7.07,19220.0,61201.0
7.07,19139.0,61194.0
7.07,19139.0,61194.0
7.08,19139.0,61194.0
7.09,19139.0,61194.0
7.09,19200.0,61142.0
7.1,19200.0,61142.0
7.1,19200.0,61142.0
7.11,19200.0,61142.0
7.11,19328.0,61016.0
7.12,19328.0,61016.0
7.12,19328.0,61016.0
7.13,19328.0,61016.0
7.13,19153.0,60952.0
7.14,19153.0,60952.0
7.14,19153.0,60952.0
7.15,19153.0,60952.0
7.15,19357.0,60902.0
7.16,19357.0,60902.0
7.16,19357.0,60902.0
7.17,19357.0,60902.0
7.17,19280.0,60932.0
7.18,19280.0,60932.0
7.18,19280.0,60932.0
7.19,19280.0,60932.0
7.19,19398.0,60962.0
7.2,19398.0,60962.0
7.2,19398.0,60962.0
7.21,19398.0,60962.0
7.21,20322.0,61009.0
7.22,20322.0,61009.0
7.22,20322.0,61009.0
7.23,20322.0,61009.0
7.23,19253.0,61077.0
7.24,19253.0,61077.0
7.24,19253.0,61077.0
7.25,19253.0,61077.0
7.25,19374.0,61155.0
7.26,19374.0,61155.0
7.26,19374.0,61155.0
7.27,19374.0,61155.0
7.27,19333.0,61203.0
7.28,19333.0,61203.0
7.28,19333.0,61203.0
7.29,19333.0,61203.0
7.29,19241.0,61247.0
7.3,19241.0,61247.0
7.3,19241.0,61247.0
7.31,19241.0,61247.0
7.31,19280.0,61300.0
7.32,19280.0,61300.0
7.32,19280.0,61300.0
7.33,19280.0,61300.0
7.33,19308.0,61333.0
7.34,19308.0,61333.0
7.34,19308.0,61333.0
7.35,19308.0,61333.0
7.35,19370.0,61360.0
7.36,19370.0,61360.0
7.36,19370.0,61360.0
7.37,19370.0,61360.0
7.37,19431.0,61393.0
7.38,19431.0,61393.0
7.38,19431.0,61393.0
7.39,19431.0,61393.0
7.39,19490.0,61403.0
7.4,19490.0,61403.0
7.4,19490.0,61403.0
7.41,19490.0,61403.0
7.41,19465.0,61374.0
7.42,19465.0,61374.0
7.42,19465.0,61374.0
7.43,19465.0,61374.0
7.43,19384.0,61047.0
7.44,19384.0,61047.0
7.44,19384.0,61047.0
7.45,19384.0,61047.0
7.45,19498.0,60581.0
7.46,19498.0,60581.0
7.46,19498.0,60581.0
7.47,19498.0,60581.0
7.47,19596.0,60255.0
7.48,19596.0,60255.0
7.48,19596.0,60255.0
7.49,19596.0,60255.0
7.49,19857.0,60174.0
7.5,19857.0,60174.0
7.5,19857.0,60174.0
7.51,19857.0,60174.0
7.51,19885.0,60202.0
7.52,19885.0,60202.0
7.52,19885.0,60202.0
7.53,19885.0,60202.0
7.53,19926.0,60316.0
7.54,19926.0,60316.0
7.54,19926.0,60316.0
7.55,19926.0,60316.0
7.55,20031.0,60493.0
7.56,20031.0,60493.0
7.56,20031.0,60493.0
7.57,20031.0,60493.0
7.57,20082.0,60673.0
7.58,20082.0,60673.0
7.58,20082.0,60673.0
7.59,20082.0,60673.0
7.59,20146.0,60854.0
7.6,20146.0,60854.0
7.6,20146.0,60854.0
7.61,20146.0,60854.0
7.61,20260.0,61009.0
7.62,20260.0,61009.0
7.62,20260.0,61009.0
7.63,20260.0,61009.0
7.63,20183.0,61114.0
7.64,20183.0,61114.0
7.64,20183.0,61114.0
7.65,20183.0,61114.0
7.65,20172.0,61161.0
7.66,20172.0,61161.0
7.66,20172.0,61161.0
7.67,20172.0,61161.0
7.67,20162.0,61141.0
7.68,20162.0,61141.0
7.68,20162.0,61141.0
7.69,20162.0,61141.0
7.69,20208.0,61070.0
7.7,20208.0,61070.0
7.7,20208.0,61070.0
7.71,20208.0,61070.0
7.71,20088.0,60973.0
7.72,20088.0,60973.0
7.72,20088.0,60973.0
7.73,20088.0,60973.0
7.73,20123.0,60899.0
7.74,20123.0,60899.0
7.74,20123.0,60899.0
7.75,20123.0,60899.0
7.75,20198.0,60876.0
7.76,20198.0,60876.0
7.76,20198.0,60876.0
7.77,20198.0,60876.0
7.77,20132.0,60893.0
7.78,20132.0,60893.0
7.78,20132.0,60893.0
7.79,20132.0,60893.0
7.79,20217.0,60944.0
7.8,20217.0,60944.0
7.8,20217.0,60944.0
7.81,20217.0,60944.0
7.81,21127.0,61013.0
7.82,21127.0,61013.0
7.82,21127.0,61013.0
7.83,21127.0,61013.0
7.83,20177.0,61093.0
7.84,20177.0,61093.0
7.84,20177.0,61093.0
7.85,20177.0,61093.0
7.85,20295.0,61154.0
7.86,20295.0,61154.0
7.86,20295.0,61154.0
7.87,20295.0,61154.0
7.87,20187.0,61205.0
7.88,20187.0,61205.0
7.88,20187.0,61205.0
7.89,20187.0,61205.0
7.89,20076.0,61270.0
7.9,20076.0,61270.0
7.9,20076.0,61270.0
7.91,20076.0,61270.0
7.91,19977.0,61304.0
7.92,19977.0,61304.0
7.92,19977.0,61304.0
7.93,19977.0,61304.0
7.93,19881.0,61364.0
7.94,19881.0,61364.0
7.94,19881.0,61364.0
7.95,19881.0,61364.0
7.95,19963.0,61384.0
7.96,19963.0,61384.0
7.96,19963.0,61384.0
7.97,19963.0,61384.0
7.97,20047.0,61416.0
7.98,20047.0,61416.0
7.98,20047.0,61416.0
7.99,20047.0,61416.0
7.99,19870.0,61436.0
8.0,19870.0,61436.0
8.0,19870.0,61436.0
8.01,19870.0,61436.0
8.01,20044.0,61308.0
8.02,20044.0,61308.0
8.02,20044.0,61308.0
8.03,20044.0,61308.0
8.03,20040.0,60837.0
8.04,20040.0,60837.0
8.04,20040.0,60837.0
8.05,20040.0,60837.0
8.05,19970.0,60337.0
8.06,19970.0,60337.0
8.06,19970.0,60337.0
8.07,19970.0,60337.0
8.07,20127.0,60121.0
8.08,20127.0,60121.0
8.08,20127.0,60121.0
8.09,20127.0,60121.0
8.09,20058.0,60051.0
8.1,20058.0,60051.0
8.1,20058.0,60051.0
8.11,20058.0,60051.0
8.11,20045.0,60087.0
8.12,20045.0,60087.0
8.12,20045.0,60087.0
8.13,20045.0,60087.0
8.13,20212.0,60195.0
8.14,20212.0,60195.0
8.14,20212.0,60195.0
8.15,20212.0,60195.0
8.15,20209.0,60354.0
8.16,20209.0,60354.0
8.16,20209.0,60354.0
8.17,20209.0,60354.0
8.17,20295.0,60539.0
8.18,20295.0,60539.0
8.18,20295.0,60539.0
8.19,20295.0,60539.0
8.19,20203.0,60718.0
8.2,20203.0,60718.0
8.2,20203.0,60718.0
8.21,20203.0,60718.0
8.21,20238.0,60887.0
8.22,20238.0,60887.0
8.22,20238.0,60887.0
8.23,20238.0,60887.0
8.23,20268.0,61021.0
8.24,20268.0,61021.0
8.24,20268.0,61021.0
8.25,20268.0,61021.0
8.25,20318.0,61064.0
8.26,20318.0,61064.0
8.26,20318.0,61064.0
8.27,20318.0,61064.0
8.27,20220.0,61036.0
8.28,20220.0,61036.0
8.28,20220.0,61036.0
8.29,20220.0,61036.0
8.29,20434.0,60956.0
8.3,20434.0,60956.0
8.3,20434.0,60956.0
8.31,20434.0,60956.0
8.31,20315.0,60846.0
8.32,20315.0,60846.0
8.32,20315.0,60846.0
8.33,20315.0,60846.0
8.33,20250.0,60764.0
8.34,20250.0,60764.0
8.34,20250.0,60764.0
8.35,20250.0,60764.0
8.35,20227.0,60741.0
8.36,20227.0,60741.0
8.36,20227.0,60741.0
8.37,20227.0,60741.0
8.37,20218.0,60756.0
8.38,20218.0,60756.0
8.38,20218.0,60756.0
8.39,20218.0,60756.0
8.39,20412.0,60817.0
8.4,20412.0,60817.0
8.4,20412.0,60817.0
8.41,20412.0,60817.0
8.41,21322.0,60891.0
8.42,21322.0,60891.0
8.42,21322.0,60891.0
8.43,21322.0,60891.0
8.43,20448.0,60974.0
8.44,20448.0,60974.0
8.44,20448.0,60974.0
8.45,20448.0,60974.0
8.45,20387.0,61046.0
8.46,20387.0,61046.0
8.46,20387.0,61046.0
8.47,20387.0,61046.0
8.47,20215.0,61119.0
8.48,20215.0,61119.0
8.48,20215.0,61119.0
8.49,20215.0,61119.0
8.49,20339.0,61189.0
8.5,20339.0,61189.0
8.5,20339.0,61189.0
8.51,20339.0,61189.0
8.51,20161.0,61236.0
8.52,20161.0,61236.0
8.52,20161.0,61236.0
8.53,20161.0,61236.0
8.53,20292.0,61286.0
8.54,20292.0,61286.0
8.54,20292.0,61286.0
8.55,20292.0,61286.0
8.55,20577.0,61333.0
8.56,20577.0,61333.0
8.56,20577.0,61333.0
8.57,20577.0,61333.0
8.57,20350.0,61378.0
8.58,20350.0,61378.0
8.58,20350.0,61378.0
8.59,20350.0,61378.0
8.59,20499.0,61395.0
8.6,20499.0,61395.0
8.6,20499.0,61395.0
8.61,20499.0,61395.0
8.61,20419.0,61320.0
8.62,20419.0,61320.0
8.63,20419.0,61320.0
8.63,20419.0,61320.0
8.63,20444.0,60907.0
8.64,20444.0,60907.0
8.64,20444.0,60907.0
8.65,20444.0,60907.0
8.65,20458.0,60343.0
8.66,20458.0,60343.0
8.67,20458.0,60343.0
8.67,20458.0,60343.0
8.68,21087.0,60092.0
8.68,21087.0,60092.0
8.68,21087.0,60092.0
8.69,21087.0,60092.0
8.69,20623.0,59997.0
8.7,20623.0,59997.0
8.71,20623.0,59997.0
8.71,20623.0,59997.0
8.72,20741.0,59996.0
8.72,20741.0,59996.0
8.72,20741.0,59996.0
8.73,20741.0,59996.0
8.73,20751.0,60077.0
8.74,20751.0,60077.0
8.74,20751.0,60077.0
8.75,20751.0,60077.0
8.76,20875.0,60223.0
8.76,20875.0,60223.0
8.77,20875.0,60223.0
8.77,20875.0,60223.0
8.77,20914.0,60388.0
8.78,20914.0,60388.0
8.78,20914.0,60388.0
8.79,20914.0,60388.0
8.8,20922.0,60583.0
8.8,20922.0,60583.0
8.81,20922.0,60583.0
8.81,20922.0,60583.0
8.81,20854.0,60762.0
8.82,20854.0,60762.0
8.82,20854.0,60762.0
8.83,20854.0,60762.0
8.84,20957.0,60881.0
8.84,20957.0,60881.0
8.85,20957.0,60881.0
8.85,20957.0,60881.0
8.85,21094.0,60945.0
8.86,21094.0,60945.0
8.86,21094.0,60945.0
8.87,21094.0,60945.0
8.88,21087.0,60930.0
8.88,21087.0,60930.0
8.89,21087.0,60930.0
8.89,21087.0,60930.0
8.9,21092.0,60852.0
8.9,21092.0,60852.0
8.9,21092.0,60852.0
8.91,21092.0,60852.0
8.92,21417.0,60780.0
8.92,21417.0,60780.0
8.93,21417.0,60780.0
8.93,21417.0,60780.0
8.94,21288.0,60699.0
8.94,21288.0,60699.0
8.94,21288.0,60699.0
8.95,21288.0,60699.0
8.96,21242.0,60666.0
8.96,21242.0,60666.0
8.97,21242.0,60666.0
8.97,21242.0,60666.0
8.98,21331.0,60690.0
8.98,21331.0,60690.0
8.98,21331.0,60690.0
8.99,21331.0,60690.0
9.0,21398.0,60738.0
9.0,21398.0,60738.0
9.01,21398.0,60738.0
9.01,21398.0,60738.0
9.02,22188.0,60807.0
9.02,22188.0,60807.0
9.02,22188.0,60807.0
9.03,22188.0,60807.0
9.03,21518.0,60878.0
9.04,21518.0,60878.0
9.05,21518.0,60878.0
9.05,21518.0,60878.0
9.06,21477.0,60938.0
9.06,21477.0,60938.0
9.06,21477.0,60938.0
9.07,21477.0,60938.0
9.07,21309.0,61017.0
9.08,21309.0,61017.0
9.09,21309.0,61017.0
9.09,21309.0,61017.0
9.1,21477.0,61063.0
9.1,21477.0,61063.0
9.1,21477.0,61063.0
9.11,21477.0,61063.0
9.11,21550.0,61124.0
9.12,21550.0,61124.0
9.13,21550.0,61124.0
9.13,21550.0,61124.0
9.14,21455.0,61180.0
9.14,21455.0,61180.0
9.15,21455.0,61180.0
9.15,21455.0,61180.0
9.15,21489.0,61213.0
9.16,21489.0,61213.0
9.17,21489.0,61213.0
9.17,21489.0,61213.0
9.18,21697.0,61268.0
9.18,21697.0,61268.0
9.19,21697.0,61268.0
9.19,21697.0,61268.0
9.19,21702.0,61285.0
9.2,21702.0,61285.0
9.21,21702.0,61285.0
9.21,21702.0,61285.0
9.22,21615.0,61246.0
9.22,21615.0,61246.0
9.23,21615.0,61246.0
9.23,21615.0,61246.0
9.24,21668.0,60885.0
9.24,21668.0,60885.0
9.25,21668.0,60885.0
9.25,21668.0,60885.0
9.26,21698.0,60369.0
9.26,21698.0,60369.0
9.27,21698.0,60369.0
9.27,21698.0,60369.0
9.28,21856.0,60082.0
9.28,21856.0,60082.0
9.28,21856.0,60082.0
9.29,21856.0,60082.0
9.3,21843.0,59987.0
9.3,21843.0,59987.0
9.31,21843.0,59987.0
9.31,21843.0,59987.0
9.32,21936.0,59999.0
9.32,21936.0,59999.0
9.33,21936.0,59999.0
9.33,21936.0,59999.0
9.34,21833.0,60078.0
9.34,21833.0,60078.0
9.35,21833.0,60078.0
9.35,21833.0,60078.0
9.36,21939.0,60214.0
9.36,21939.0,60214.0
9.37,21939.0,60214.0
9.37,21939.0,60214.0
9.38,21925.0,60388.0
9.38,21925.0,60388.0
9.39,21925.0,60388.0
9.39,21925.0,60388.0
9.4,22038.0,60584.0
9.4,22038.0,60584.0
9.41,22038.0,60584.0
9.41,22038.0,60584.0
9.42,21854.0,60765.0
9.42,21854.0,60765.0
9.43,21854.0,60765.0
9.43,21854.0,60765.0
9.44,22035.0,60886.0
9.44,22035.0,60886.0
9.45,22035.0,60886.0
9.45,22035.0,60886.0
9.46,22100.0,60957.0
9.46,22100.0,60957.0
9.47,22100.0,60957.0
9.47,22100.0,60957.0
9.48,22055.0,60942.0
9.48,22055.0,60942.0
9.49,22055.0,60942.0
9.49,22055.0,60942.0
9.5,22178.0,60865.0
9.5,22178.0,60865.0
9.51,22178.0,60865.0
9.51,22178.0,60865.0
9.52,22202.0,60753.0
9.52,22202.0,60753.0
9.53,22202.0,60753.0
9.53,22202.0,60753.0
9.54,22245.0,60668.0
9.54,22245.0,60668.0
9.55,22245.0,60668.0
9.55,22245.0,60668.0
9.56,22187.0,60643.0
9.56,22187.0,60643.0
9.57,22187.0,60643.0
9.57,22187.0,60643.0
9.58,22236.0,60678.0
9.58,22236.0,60678.0
9.59,22236.0,60678.0
9.59,22236.0,60678.0
9.6,22363.0,60731.0
9.6,22363.0,60731.0
9.61,22363.0,60731.0
9.61,22363.0,60731.0
9.62,23197.0,60780.0
9.62,23197.0,60780.0
9.63,23197.0,60780.0
9.63,23197.0,60780.0
9.64,22521.0,60858.0
9.64,22521.0,60858.0
9.65,22521.0,60858.0
9.65,22521.0,60858.0
9.66,22430.0,60910.0
9.66,22430.0,60910.0
9.67,22430.0,60910.0
9.67,22430.0,60910.0
9.68,22403.0,60951.0
9.68,22403.0,60951.0
9.69,22403.0,60951.0
9.69,22403.0,60951.0
9.7,22480.0,61010.0
9.7,22480.0,61010.0
9.71,22480.0,61010.0
9.71,22480.0,61010.0
9.72,22628.0,61041.0
9.72,22628.0,61041.0
9.73,22628.0,61041.0
9.73,22628.0,61041.0
9.74,22551.0,61086.0
9.74,22551.0,61086.0
9.75,22551.0,61086.0
9.75,22551.0,61086.0
9.76,22583.0,61123.0
9.76,22583.0,61123.0
9.77,22583.0,61123.0
9.77,22583.0,61123.0
9.78,22659.0,61138.0
9.78,22659.0,61138.0
9.79,22659.0,61138.0
9.79,22659.0,61138.0
9.8,22492.0,61180.0
9.8,22492.0,61180.0
9.81,22492.0,61180.0
9.81,22492.0,61180.0
9.82,22618.0,61165.0
9.82,22618.0,61165.0
9.83,22618.0,61165.0
9.83,22618.0,61165.0
9.84,22459.0,60869.0
9.84,22459.0,60869.0
9.85,22459.0,60869.0
9.85,22459.0,60869.0
9.86,22352.0,60363.0
9.86,22352.0,60363.0
9.87,22352.0,60363.0
9.87,22352.0,60363.0
9.88,22278.0,60061.0
9.88,22278.0,60061.0
9.89,22278.0,60061.0
9.89,22278.0,60061.0
9.9,22281.0,59935.0
9.9,22281.0,59935.0
9.91,22281.0,59935.0
9.91,22281.0,59935.0
9.92,22292.0,59916.0
9.92,22292.0,59916.0
9.93,22292.0,59916.0
9.93,22292.0,59916.0
9.94,22465.0,59973.0
9.94,22465.0,59973.0
9.95,22465.0,59973.0
9.95,22465.0,59973.0
9.96,22670.0,60080.0
9.96,22670.0,60080.0
9.97,22670.0,60080.0
9.97,22670.0,60080.0
9.98,22747.0,60200.0
9.98,22747.0,60200.0
9.99,22747.0,60200.0
9.99,22747.0,60200.0
10.0,22614.0,60362.0
10.0,22614.0,60362.0
10.01,22614.0,60362.0
10.01,22614.0,60362.0
10.02,22623.0,60525.0
10.02,22623.0,60525.0
10.03,22623.0,60525.0
10.03,22623.0,60525.0
10.04,22588.0,60672.0
10.04,22588.0,60672.0
10.05,22588.0,60672.0
10.05,22588.0,60672.0
10.06,22605.0,60737.0
10.06,22605.0,60737.0
10.07,22605.0,60737.0
10.07,22605.0,60737.0
10.08,22745.0,60749.0
10.08,22745.0,60749.0
10.09,22745.0,60749.0
10.09,22745.0,60749.0
10.1,23004.0,60666.0
10.1,23004.0,60666.0
10.11,23004.0,60666.0
10.11,23004.0,60666.0
10.12,22865.0,60533.0
10.12,22865.0,60533.0
10.13,22865.0,60533.0
10.13,22865.0,60533.0
10.14,22925.0,60427.0
10.14,22925.0,60427.0
10.15,22925.0,60427.0
10.15,22925.0,60427.0
10.16,22953.0,60377.0
10.16,22953.0,60377.0
10.17,22953.0,60377.0
10.17,22953.0,60377.0
10.18,23106.0,60396.0
10.18,23106.0,60396.0
10.19,23106.0,60396.0
10.19,23106.0,60396.0
10.2,23424.0,60431.0
10.2,23424.0,60431.0
10.21,23424.0,60431.0
10.21,23424.0,60431.0
10.22,23696.0,60522.0
10.22,23696.0,60522.0
10.23,23696.0,60522.0
10.23,23696.0,60522.0
10.24,23151.0,60605.0
10.24,23151.0,60605.0
10.25,23151.0,60605.0
10.25,23151.0,60605.0
10.26,23156.0,60679.0
10.26,23156.0,60679.0
10.27,23156.0,60679.0
10.27,23156.0,60679.0
10.28,23316.0,60781.0
10.28,23316.0,60781.0
10.29,23316.0,60781.0
10.29,23316.0,60781.0
10.3,23257.0,60862.0
10.3,23257.0,60862.0
10.31,23257.0,60862.0
10.31,23257.0,60862.0
10.32,23364.0,60932.0
10.32,23364.0,60932.0
10.33,23364.0,60932.0
10.33,23364.0,60932.0
10.34,23246.0,60998.0
10.34,23246.0,60998.0
10.35,23246.0,60998.0
10.35,23246.0,60998.0
10.36,23371.0,61044.0
10.36,23371.0,61044.0
10.37,23371.0,61044.0
10.37,23371.0,61044.0
10.38,23163.0,61083.0
10.38,23163.0,61083.0
10.39,23163.0,61083.0
10.39,23163.0,61083.0
10.4,23158.0,61101.0
10.4,23158.0,61101.0
10.41,23158.0,61101.0
10.41,23158.0,61101.0
10.42,23306.0,61004.0
10.42,23306.0,61004.0
10.43,23306.0,61004.0
10.43,23306.0,61004.0
10.44,23360.0,60565.0
10.44,23360.0,60565.0
10.45,23360.0,60565.0
10.45,23360.0,60565.0
10.46,23150.0,60120.0
10.46,23150.0,60120.0
10.47,23150.0,60120.0
10.47,23150.0,60120.0
10.48,23227.0,59943.0
10.48,23227.0,59943.0
10.49,23227.0,59943.0
10.49,23227.0,59943.0
10.5,23170.0,59890.0
10.5,23170.0,59890.0
10.51,23170.0,59890.0
10.51,23170.0,59890.0
10.52,23138.0,59927.0
10.52,23138.0,59927.0
10.53,23138.0,59927.0
10.53,23138.0,59927.0
10.54,23172.0,60044.0
10.54,23172.0,60044.0
10.55,23172.0,60044.0
10.55,23172.0,60044.0
10.56,23202.0,60222.0
10.56,23202.0,60222.0
10.57,23202.0,60222.0
10.57,23202.0,60222.0
10.58,23366.0,60413.0
10.58,23366.0,60413.0
10.59,23366.0,60413.0
10.59,23366.0,60413.0
10.6,23297.0,60625.0
10.6,23297.0,60625.0
10.61,23297.0,60625.0
10.61,23297.0,60625.0
10.62,23242.0,60811.0
10.62,23242.0,60811.0
10.63,23242.0,60811.0
10.63,23242.0,60811.0
10.64,23222.0,60916.0
10.64,23222.0,60916.0
10.65,23222.0,60916.0
10.65,23222.0,60916.0
10.66,23329.0,60950.0
10.66,23329.0,60950.0
10.67,23329.0,60950.0
10.67,23329.0,60950.0
10.68,23491.0,60903.0
10.68,23491.0,60903.0
10.69,23491.0,60903.0
10.69,23491.0,60903.0
10.7,23430.0,60800.0
10.7,23430.0,60800.0
10.71,23430.0,60800.0
10.71,23430.0,60800.0
10.72,23481.0,60695.0
10.72,23481.0,60695.0
10.73,23481.0,60695.0
10.73,23481.0,60695.0
10.74,23454.0,60627.0
10.74,23454.0,60627.0
10.75,23454.0,60627.0
10.75,23454.0,60627.0
10.76,23557.0,60628.0
10.76,23557.0,60628.0
10.77,23557.0,60628.0
10.77,23557.0,60628.0
10.78,24016.0,60635.0
10.78,24016.0,60635.0
10.79,24016.0,60635.0
10.79,24016.0,60635.0
10.8,23767.0,60694.0
10.8,23767.0,60694.0
10.81,23767.0,60694.0
10.81,23767.0,60694.0
10.82,23381.0,60774.0
10.82,23381.0,60774.0
10.83,23381.0,60774.0
10.83,23381.0,60774.0
10.84,23475.0,60847.0
10.84,23475.0,60847.0
10.85,23475.0,60847.0
10.85,23475.0,60847.0
10.86,23426.0,60937.0
10.86,23426.0,60937.0
10.87,23426.0,60937.0
10.87,23426.0,60937.0
10.88,23561.0,60984.0
10.88,23561.0,60984.0
10.89,23561.0,60984.0
10.89,23561.0,60984.0
10.9,23451.0,61039.0
10.9,23451.0,61039.0
10.91,23451.0,61039.0
10.91,23451.0,61039.0
10.92,23718.0,61072.0
10.92,23718.0,61072.0
10.93,23718.0,61072.0
10.93,23718.0,61072.0
10.94,23585.0,61128.0
10.94,23585.0,61128.0
10.95,23585.0,61128.0
10.95,23585.0,61128.0
10.96,23497.0,61198.0
10.96,23497.0,61198.0
10.97,23497.0,61198.0
10.97,23497.0,61198.0
10.98,23590.0,61221.0
10.98,23590.0,61221.0
10.99,23590.0,61221.0
10.99,23590.0,61221.0
11.0,23790.0,61098.0
11.0,23790.0,61098.0
11.01,23790.0,61098.0
11.02,23790.0,61098.0
11.02,23579.0,60601.0
